{
    "MAE": 0.9751014497065515,
    "MSE": 5.947618912631315,
    "RMSE": 2.4387740593649334
}